INSERT INTO CLIENTES (COD_CLIENTE, NOME, TELEFONES_CLIENTE, EMAIL, RUA, BAIRRO, CIDADE, ESTADO) VALUES
('CLT001', 'João da Silva', '(11)9876-5432, (11)1234-5678', 'joao.silva@example.com', 'Rua das Flores', 'Centro', 'São Paulo', 'SP'),
('CLT002', 'Maria Oliveira', '(21)8765-4321', 'maria.oliveira@example.com', 'Av. das Palmeiras', 'Jardins', 'Rio de Janeiro', 'RJ'),
('CLT003', 'Empresa A Ltda', '(11)1987-65432, (11)1123-45678', 'empresa.a@example.com', 'Rua das Flores', 'Centro', 'São Paulo', 'SP'),
('CLT004', 'Pedro Souza', '(31)5555-8888, (31)9999-7777', 'pedro.souza@example.com', 'Rua dos Pássaros', 'Alto da Serra', 'Belo Horizonte', 'MG'),
('CLT005', 'Ana Santos', '(47)2222-3333', 'ana.santos@example.com', 'Rua das Árvores', 'Vila Nova', 'Joinville', 'SC'),
('CLT006', 'Empresa F EIRELI', '(61)3333-2222', 'empresa.f@example.com', 'Rua das Estrelas', 'Setor Oeste', 'Brasília', 'DF'),
('CLT007', 'Empresa G Ltda', '(71)9999-1111, (71)8888-2222', 'empresa.g@example.com', 'Av. das Ondas', 'Barra', 'Salvador', 'BA'),
('CLT008', 'Empresa H S/A', '(81)7777-4444', 'empresa.h@example.com', 'Rua das Pedras', 'Centro', 'Recife', 'PE'),
('CLT009', 'Carlos Ferreira', '(85)4444-6666, (85)5555-7777', 'carlos.ferreira@example.com', 'Av. das Dunas', 'Praia de Iracema', 'Fortaleza', 'CE'),
('CLT010', 'Mariana Lima', '(61) 3333-2222', 'mariana.lima@example.com', 'Rua das Estrelas', 'Setor Oeste', 'Brasília', 'DF'),
('CLT011', 'Fernando Costa', '(71)9998-1251, (71)8878-2472', 'fernando.costa@example.com', 'Av. das Ondas', 'Barra', 'Salvador', 'BA'),
('CLT012', 'Empresa B S/A', '(21)8765-4321', 'empresa.b@example.com', 'Av. das Palmeiras', 'Jardins', 'Rio de Janeiro', 'RJ'),
('CLT013', 'Isabela Fernandes', '(81)7777-1578', 'isabela.fernandes@example.com', 'Rua das Pedras', 'Centro', 'Recife', 'PE'),
('CLT014', 'Empresa C EIRELI', '(31)6555-8788, (31)1999-2377', 'empresa.c@example.com', 'Rua dos Pássaros', 'Alto da Serra', 'Belo Horizonte', 'MG'),
('CLT015', 'Empresa D LTDA', '(47)2452-2933', 'empresa.d@example.com', 'Rua das Árvores', 'Vila Nova', 'Joinville', 'SC'),
('CLT016', 'Empresa E S/A', '(85)4412-6176, (85)7555-1777', 'empresa.e@example.com', 'Av. das Dunas', 'Praia de Iracema', 'Fortaleza', 'CE'),
('CLT017', 'Rafaela Carvalho', '(98)6675-3433, (98)7713-1478', 'rafaela.carvalho@example.com', 'Rua dos Coqueiros', 'Centro', 'São Luís', 'MA'),
('CLT018', 'Lucas Santos', '(84)1111-5555', 'lucas.santos@example.com', 'Av. das Montanhas', 'Altiplano', 'Natal', 'RN'),
('CLT019', 'Empresa I EIRELI', '(98)6666-3333, (98)7777-5555', 'empresa.i@example.com', 'Rua dos Coqueiros', 'Centro', 'São Luís', 'MA'),
('CLT020', 'Empresa J LTDA', '(84)1111-5555', 'empresa.j@example.com', 'Av. das Montanhas', 'Altiplano', 'Natal', 'RN');

INSERT INTO LIVROS (COD_LIVRO, VALOR, ANO_PUBLICACAO, CATEGORIA, TITULO, ISBN, COD_AUTOR, AUTOR, EMAIL_AUTOR, COD_EDITORA, TELEFONE_EDITORA, EMAIL, NOME_CONTATO_EDITORA, QTD_ESTOQUE) VALUES
('LVR001', 29.99, 2020, 'Ficção Científica', 'A Fundação', 9788551005422,'AUT001','Isaac Asimov', 'Isaac.Asimov@exemplo.com','ED1001', '(11) 9876-5432', 'contato1@exemplo.com', 'João da Silva', 50),
('LVR002', 19.90, 2018, 'Romance', 'Orgulho e Preconceito', 9788525404641,'AUT002', 'Jane Austen', 'Jane.Austen@exemplo.com', 'ED1002', '(21) 8765-4321', 'contato2@exemplo.com', 'Maria Oliveira', 50),
('LVR003', 35.50, 2019, 'Fantasia', 'Harry Potter e a Pedra Filosofal', 9788532530787,'AUT003', 'J.K. Rowling', 'J.K.Rowling@exemplo.com', 'ED1003', '(98) 7777-5555', 'contato3@exemplo.com', 'Pedro Souza', 62),
('LVR004', 25.00, 2017, 'Suspense', 'O Código Da Vinci', 9788532525608,'AUT004', 'Dan Brown', 'Dan.Brown@exemplo.com', 'ED1004', '(47) 2222-3333', 'contato4@exemplo.com', 'Ana Santos', 20),
('LVR005', 22.80, 2016, 'Suspense', 'It: A coisa', 9788539004110,'AUT005', 'Stephen King','Stephen.King@exemplo.com', 'ED1005', '(85) 4444-6666', 'contato5@exemplo.com', 'Carlos Ferreira', 48),
('LVR006', 27.70, 2021, 'Mistério', 'Garota Exemplar', 9788539004134,'AUT006', 'Gillian Flynn','Gillian.Flynn@exemplo.com', 'ED1006', '(61) 3333-2222', 'contato6@exemplo.com', 'Mariana Lima', 30),
('LVR007', 18.99, 2015, 'Clássico', '1984', 9788535914849,'AUT007', 'George Orwell','George.Orwell@exemplo.com', 'ED1007', '(71) 8888-2222', 'contato7@exemplo.com', 'Fernando Costa', 25),
('LVR008', 32.00, 2022, 'Ficção Científica', 'Duna', 9788595086508, 'AUT008', 'Frank Herbert','Frank.Herbert@exemplo.com', 'ED1001', '(11) 9876-5432', 'contato1@exemplo.com', 'João da Silva', 55),
('LVR009', 21.50, 2014, 'Suspense', 'O Silêncio dos Inocentes', 9788581050567, 'AUT009', 'Thomas Harris', 'Thomas.Harris@exemplo.com', 'ED1008', '(81) 7777-4444', 'contato8@exemplo.com', 'Isabela Fernandes', 40),
('LVR010', 29.90, 2013, 'Aventura', 'As Crônicas de Nárnia', 9788578271571, 'AUT010', 'C.S. Lewis','C.S.Lewis@exemplo.com', 'ED1009', '(98) 6666-3333', 'contato9@exemplo.com', 'Rafaela Carvalho', 60),
('LVR011', 26.50, 2018, 'Fantasia', 'Corte de asas e ruína', 9788501110121, 'AUT011', 'Sarah J. Maas','Sarah.J.Maas@exemplo.com', 'ED1001', '(11) 9876-5432', 'contato1@exemplo.com', 'João da Silva', 38),
('LVR012', 32.20, 2019, 'Aventura', 'Harry Potter e a Câmara Secreta', 9788532511669, 'AUT003', 'J.K. Rowling', 'J.K.Rowling@exemplo.com', 'ED1006', '(61) 3333-2222', 'contato6@exemplo.com', 'Mariana Lima', 42),
('LVR013', 23.90, 2021, 'Fantasia', 'Corte de Espinhos e Rosas', 9788551005316, 'AUT011', 'Sarah J. Maas','Sarah.J.Maas@exemplo.com', 'ED1004', '(47) 2222-3333', 'contato4@exemplo.com', 'Ana Santos', 42),
('LVR014', 27.80, 2016, 'Suspense', 'A Garota no Trem', 9788580578412, 'AUT012', 'Paula Hawkins','Paula.Hawkins@exemplo.com', 'ED1008', '(81) 7777-4444', 'contato8@exemplo.com', 'Isabela Fernandes', 27),
('LVR015', 19.99, 2017, 'Autoajuda', 'O Poder do Agora', 9788575428760, 'AUT013', 'Eckhart Tolle','Eckhart.Tolle@exemplo.com', 'ED1002', '(21) 8765-4321', 'contato2@exemplo.com', 'Maria Oliveira', 33),
('LVR016', 31.75, 2020, 'Romance', 'Persuasão', 9788544001868, 'AUT002', 'Jane Austen', 'Jane.Austen@exemplo.com', 'ED1002', '(21) 8765-4321', 'contato2@exemplo.com', 'Maria Oliveira', 47),
('LVR017', 28.40, 2015, 'Fantasia', 'Trono de vidro', 9788535909555, 'AUT011', 'Sarah J. Maas','Sarah.J.Maas@exemplo.com', 'ED1007', '(71) 8888-2222', 'contato7@exemplo.com', 'Fernando Costa', 52),
('LVR018', 24.95, 2023, 'Ficção Científica', 'A revolução dos bichos', 9788535909555, 'AUT007', 'George Orwell','George.Orwell@exemplo.com', 'ED1001', '(11) 9876-5432', 'contato1@exemplo.com', 'João da Silva', 44),
('LVR019', 20.30, 2014, 'Suspense', 'O Iluminado', 9788599296135,'AUT005', 'Stephen King','Stephen.King@exemplo.com', 'ED1010', '(84) 1111-5555', 'contato10@exemplo.com', 'Lucas Santos', 44),
('LVR020', 29.50, 2013, 'Aventura', 'Harry Potter e o Prisioneiro de Azkaban', 9788532522904,'AUT003', 'J.K. Rowling', 'J.K.Rowling@exemplo.com', 'ED1003', '(98) 7777-5555', 'contato3@exemplo.com', 'Pedro Souza', 45);


INSERT INTO PEDIDOS (COD_PEDIDO, COD_CLIENTE, COD_LIVRO, DATA, VALOR_PEDIDO, QTD_PEDIDO, VALOR_ITENS) VALUES
('PED001', 'CLT001', 'LVR001', '2023-07-01', 180.98, 2, 59.98),
('PED001', 'CLT001', 'LVR004', '2023-07-01', 180.98, 1, 25.00),
('PED001', 'CLT001', 'LVR008', '2023-07-01', 180.98, 3, 96.00),
('PED002', 'CLT002', 'LVR003', '2023-07-02', 71.00, 2, 71.00),
('PED003', 'CLT003', 'LVR002', '2023-07-03', 110.59, 3, 19.90),
('PED003', 'CLT003', 'LVR006', '2023-07-03', 110.59, 1, 27.70),
('PED003', 'CLT003', 'LVR009', '2023-07-03', 110.59, 2, 43.00),
('PED003', 'CLT003', 'LVR015',  '2023-07-03', 110.59, 1, 19.99),
('PED004', 'CLT004', 'LVR011', '2023-07-04', 50.40, 1, 26.50),
('PED004', 'CLT004', 'LVR013', '2023-07-04', 50.40, 1, 23.90),
('PED005', 'CLT005', 'LVR020', '2023-07-05', 177.35, 2, 59.00),
('PED005', 'CLT005', 'LVR018', '2023-07-05', 177.35, 1, 24.95),
('PED005', 'CLT005', 'LVR016', '2023-07-05', 177.35, 2, 63.50),
('PED005', 'CLT005', 'LVR010', '2023-07-05', 177.35, 1, 29.90),
('PED006', 'CLT006', 'LVR004', '2023-07-06', 48.00, 2, 48.00),
('PED007', 'CLT007', 'LVR015', '2023-07-07', 84.39, 1, 19.99),
('PED007', 'CLT007', 'LVR012', '2023-07-07', 84.39, 2, 64.40),
('PED008', 'CLT008', 'LVR003', '2023-07-08', 73.48, 1, 35.50),
('PED008', 'CLT008', 'LVR007', '2023-07-08', 73.48, 2, 37.98),
('PED009', 'CLT009', 'LVR005', '2023-07-09', 29.99, 1, 29.99),
('PED010', 'CLT010', 'LVR006', '2023-07-10', 91.70, 1, 27.70),
('PED010', 'CLT010', 'LVR008', '2023-07-10', 91.70, 2, 64.00),
('PED011', 'CLT005', 'LVR005', '2023-07-11', 89.79, 1, 22.80),
('PED011', 'CLT005', 'LVR009', '2023-07-11', 89.79, 2, 43.00),
('PED011', 'CLT005', 'LVR013', '2023-07-11', 89.79, 1, 23.90),
('PED012', 'CLT012', 'LVR007', '2023-07-12', 18.99, 1, 18.99),
('PED013', 'CLT013', 'LVR010', '2023-07-13', 102.40, 2, 55.60),
('PED013', 'CLT013', 'LVR011', '2023-07-13', 102.40, 1, 26.50),
('PED013', 'CLT013', 'LVR013', '2023-07-13', 102.40, 1, 20.30),
('PED014', 'CLT014', 'LVR005', '2023-07-14', 65.80, 1, 22.80),
('PED014', 'CLT014', 'LVR009', '2023-07-14', 65.80, 2, 43.00),
('PED015', 'CLT015', 'LVR017', '2023-07-15', 115.75, 1, 28.40),
('PED015', 'CLT015', 'LVR018', '2023-07-15', 115.75, 2, 55.60),
('PED015', 'CLT015', 'LVR016', '2023-07-15', 115.75, 1, 31.75),
('PED016', 'CLT016', 'LVR001', '2023-07-16', 59.98, 2, 59.98),
('PED017', 'CLT017', 'LVR003', '2023-07-17', 118.59, 2, 39.80),
('PED017', 'CLT017', 'LVR007', '2023-07-17', 118.59, 1, 18.99),
('PED017', 'CLT017', 'LVR010', '2023-07-17', 118.59, 2, 59.80),
('PED018', 'CLT018', 'LVR002', '2023-07-18', 69.10, 1, 19.90),
('PED018', 'CLT018', 'LVR006', '2023-07-18', 69.10, 1, 27.70),
('PED018', 'CLT018', 'LVR009', '2023-07-18', 69.10, 1, 21.50),
('PED018', 'CLT018', 'LVR015', '2023-07-18', 19.99, 1, 19.99),
('PED020', 'CLT020', 'LVR018', '2023-07-20', 56.70, 1, 24.95),
('PED020', 'CLT020', 'LVR016', '2023-07-20', 56.70, 1, 31.75);


INSERT INTO COLABORADORES (COD_COLAB, NOME, DEPARTAMENTO, CARGO, SALARIO_BASE,DEPENDENTES) VALUES
('CLB001', 'João da Silva', 'Vendas', 'Vendedor', 3500.00,'Maria João'),
('CLB002', 'Maria Oliveira', 'Vendas', 'Gerente de Vendas', 5000.00,'Ana Maria'),
('CLB003', 'Pedro Souza', 'Marketing', 'Analista de Mkt', 4200.000,'Aline Siuza'),
('CLB004', 'Ana Santos', 'RH', 'Analista de RH', 3800.00,'Carlos Antonio'),
('CLB005', 'Carlos Lima', 'RH', 'Gerente de RH', 5500.00,'Alberto Lima'),
('CLB006', 'Antonio José', 'Vendas', 'Vendedor', 3500.00,'Maria Joana');



